customer_id,customer_name
C001,..phl..
C002,013icv2n07
C003,047263nguyenvu
C004,06crkcw6u9
C005,07dg4up466
C006,07iir_0ny4
C007,0903858278qh
C008,0904894804mb
C009,0975796131_ch
C010,0_o6ymoxpi
C011,0cw2e4jawe
C012,0ld_1ek9gf
C013,0m72g58mm4
C014,0qvbyqihmo
C015,0ra9bkvtu0
C016,0ssyl4kd8p
C017,123456chongmatbao
C018,15.hthminhhng
C019,15t9g9zpg1
C020,17secret
C021,18xrll6rfk
C022,195kewf31g
C023,1_i4isum57
C024,1dag22b4il
C025,1g23c867a7
C026,1p9c2pc130
C027,1t3csevqt7
C028,1ybfu6hrcv
C029,2005anoc
C030,20ujn_n_n5
C031,23l8l8dxsr
C032,27.trnthanhtrc077
C033,273huongnhi
C034,27june98
C035,29.trnththanhthy12a2
C036,297_nmf0qb
C037,2fl0zy8c6j
C038,2ivky0ruw3
C039,2m_q5e_bwm
C040,2vc0jvsrzr
C041,2zlduy
C042,315_nguyenthutrang
C043,316p00vlwe
C044,32fcb9qnm2
C045,34vinpearl
C046,3_5k1pm9o5
C047,3cmdq3bo26
C048,3ea7nv_y7y
C049,3hvih8djhh
C050,3jmodqufg1
C051,3klrjo7tyw
C052,3qwtsklhf8
C053,3tso_yyqik
C054,3x5owpjuix
C055,3yvrysk_4r
C056,418rzmykcc
C057,476fi__7t0
C058,47cihgpquk
C059,4__3r5dode
C060,4is4ktk2cc
C061,4kdklf1gwm
C062,4m4l5kktml
C063,4mtmz8u2gu
C064,4n6lne69r6
C065,4njt3yygjt
C066,4xa4hlt6s_
C067,4xpbci29bk
C068,51z00exuoi
C069,57jjh3hpy9
C070,57xw_wy0u8
C071,5_zmgxwwqe
C072,5cpct6yfw_
C073,5fwtydzwoh_eea4lv3yi9v3kuc_i
C074,5fyvtzc8a0
C075,5hims59n00
C076,5pn575eivh
C077,5qbrsmag7p782
C078,61070cres1
C079,67tawcsym7
C080,69ik09b8p3
C081,69s5i04w50
C082,6dgucx4bov
C083,6gbzsl9cwf
C084,6igmldrka5
C085,6itzhvwuij
C086,6khon4l86r
C087,6lnqxur3zb
C088,6n5behknxc
C089,6oo4neht07
C090,6qw4ly2yap
C091,6r3_c_y81v
C092,6s8e5f14mo
C093,6utt9cm9a5
C094,6vvzn4dicv
C095,72g_80cwk5
C096,76ry9n90tb
C097,772vuthihong
C098,77enfapiid
C099,79h02khanhhoa
C100,7aranlpvzj
C101,7ayyp6wnio
C102,7oiujm1ta_
C103,7r3zuuiuov
C104,7v43uyp5rc
C105,7wly6u55g6
C106,7xactpste1
C107,80czl4rgfz
C108,835nqiegur
C109,87aw_65eud
C110,8887_raabm
C111,8er8fwi_3y
C112,8i0rct0p3k
C113,8idwlo0205
C114,8ppcj1gmx2
C115,8qw8vn0j00
C116,8rjryu3xv3
C117,8t7p84spy9
C118,8uijsmymt3
C119,8y3zub09yt
C120,8yn21sxrrf
C121,8yn3xpilao
C122,8z9lvtznqi
C123,90hf2g66s1
C124,911blackcat
C125,9133ngththuthy
C126,95cozp8ikc
C127,971r8hjkyd
C128,97anonymoust
C129,9_thangg_11_
C130,9blbjynwfe
C131,9bmpi5drm9
C132,9bo9t29txv
C133,9f2ha6psmm
C134,9hd4mhv960
C135,9mcfvmg63g
C136,9mnb28yik1
C137,9oiaem0t81
C138,9t44z8_40j
C139,9un1egb52x
C140,9vzdskbx59
C141,9zxe6hg_h3
C142,_4uyjv0t8e
C143,_a_6sweyte
C144,_aaaaaaaaiiii
C145,_ann_1312
C146,_hanhem_
C147,_hoanghoa89_
C148,_hoanghuyen8381_
C149,_huyeenf
C150,_iguc3gaqi
C151,_iix3v1y6r
C152,_l0e7re0pf
C153,_lh5jk5wso
C154,_max_miracle1310
C155,_nxv7qv1g7
C156,_qzfi17hxr
C157,_thutrangg
C158,_thuy.nhu72
C159,_thuy_duyen_
C160,_vunhu_
C161,_xespvqd_f
C162,_xkghl
C163,_yd75cjgb5
C164,_yu1jpc4yy
C165,a0frqegcpd
C166,a1g2tlwdvt
C167,a392juhpk3
C168,a51rcx5tkf
C169,a5bcjpzc7y
C170,a7hmhq_ebw
C171,a8i804ts9r
C172,a_cmart_shopamthuc
C173,a_fang_99
C174,a_kqh5q35z
C175,a_opu9tbrs
C176,aaaaaaaaa......
C177,aadgf9jqj3
C178,ab5_347s9j
C179,abhgkdcjjd
C180,abigail_nguyen
C181,actran98
C182,adayroi6
C183,admuchuyencao
C184,adncs5q0u4
C185,advent011212
C186,aio.shope1
C187,alexanderbo863
C188,alexcnn
C189,alexdinhdragon
C190,alison_91
C191,am0df91e66
C192,amories.vn
C193,an0913906931
C194,an_duong_tu_12
C195,ana_vlog
C196,anchushoppe
C197,andh85
C198,andyduong6868
C199,anh.th.46
C200,anh0916014906
C201,anh_1103
C202,anh_duong_2309
C203,anhanh07101905
C204,anhanh979795
C205,anhav
C206,anhchangvrmb8385
C207,anhdao041091
C208,anhdau1
C209,anhdk1210
C210,anhdo241019871
C211,anhdovdwzj278
C212,anhduyshop19
C213,anhem37ngheanxin
C214,anhhaoanhthu
C215,anhhoang678
C216,anhiiiiiiii.pypy
C217,anhkhoakhoaaanh
C218,anhkhoanguynhong178
C219,anhkhoijp
C220,anhkim.vp
C221,anhlinhnguyn
C222,anhngoc3108
C223,anhngocdo1969
C224,anhphuowng
C225,anhprohn1hn
C226,anhthy98
C227,anhtoan151191
C228,anhtonykhoa
C229,anhtrang.2597
C230,anhtuan3249864
C231,anhtutuyenquang
C232,anhtuyet2255
C233,anhtuyet_nt
C234,anhvit339
C235,anhxdna
C236,anim219
C237,aninh791
C238,ankhai9628297
C239,anle308
C240,annamhuong.vn
C241,annatienryj_93992
C242,annekhung
C243,anngoc.468
C244,annguyenlehuong
C245,annhienbabi
C246,anthin710
C247,anthyhuynh
C248,anunguyen
C249,anvatcunghuyendoan
C250,aqbino183t
C251,arataokotsu
C252,arinaa512
C253,aroma.candlesg
C254,asalasaigon
C255,asjenguyenle
C256,at.kidtoys
C257,atjtj
C258,au2240hzve
C259,augustinotruong0703
C260,axnznguyendan
C261,ayi5eyudq6
C262,az7c8gzwbt
C263,b.accessories9
C264,b2mohfhdk4
C265,b3keajg9ni
C266,b72wfx9v21
C267,b8g5hn7uqv
C268,babipu23
C269,baby.lovemy88
C270,babybo20153
C271,babybreathes
C272,bach_hoaiphuong
C273,bachhoahappy2025
C274,bachhoangocthuy
C275,bachtuyet8378
C276,bandogo256
C277,banhvanto
C278,banyybae
C279,bao.anh.shop
C280,bao_ngoc620
C281,bao_ngu.21
C282,bao_quoc1978
C283,baoan231995
C284,baobanh94
C285,baochau149
C286,baodang941
C287,baogia31
C288,baohen
C289,baokhang_1503
C290,baongan113
C291,baongan_251087.
C292,baonghiiii
C293,baongoc030620
C294,baongoctruonglam
C295,baonguyen_pr
C296,baoquant3hl
C297,baotin0803
C298,baotram1992
C299,baotram_38
C300,baotran2121
C301,baotrinh3008
C302,baovy7512641
C303,baplo
C304,barrytgolightlyd
C305,bathixuyen
C306,baynguyen693
C307,bbvwrr6wug
C308,bcasolusion_nentang4.0
C309,bchhnhtrn811
C310,bchngnguynth650
C311,be.heo.map22
C312,be_ukim
C313,bean_bean_shop
C314,beautyhealthvietnam
C315,bebe260806
C316,becao0107
C317,bedimdangeo
C318,beecorny
C319,begauxanh
C320,beivo8d1ne
C321,bejdsjbd
C322,bemitcuame
C323,ben_032020
C324,benthuy160798
C325,beonoccc65
C326,bephandmade
C327,bephuong1508
C328,besefood
C329,bettachannafarm
C330,beyeu_menly
C331,bfhdhe
C332,bi2hand.store
C333,bi38l8mv8i
C334,bi_em
C335,bibertmt1234
C336,bichdiep234567890
C337,bichhaduong
C338,bichhoang64
C339,bichlan1402
C340,bichlan77
C341,bichlannguyen651
C342,bichlieu664
C343,bichlinh1610
C344,bichngoc184184
C345,bichthu1988
C346,bichtram0702
C347,bichtram_nguyen
C348,biendoizthu9626
C349,biendongtoan67
C350,biglazyman
C351,biim1209
C352,bik0901
C353,bikjtakqun
C354,bimbimhamster
C355,binbinkha6177
C356,bingolulu0305
C357,bingoparis
C358,binh22minh
C359,binh3dokim
C360,binh_an_000
C361,binh_le_69
C362,binhdang664
C363,binhtall
C364,biohazard610
C365,bitho914
C366,bixim
C367,bjnhxdlvs2
C368,blackdevil
C369,bm130a721k
C370,bmc5u_7jvy
C371,bmi_cutiee
C372,bn_281299
C373,bnhla393
C374,bnhtin018
C375,bnpjy2_wad
C376,bo_mt
C377,bobap
C378,bobojin_85
C379,bobybo530
C380,boleo284
C381,bominhthai
C382,bomkem113
C383,bond_store07
C384,bongbin0712
C385,bongchip527
C386,bongden1w.47
C387,bongxinhgai22222
C388,bonminhon95
C389,boongbong1009
C390,boongni
C391,bophinguyn240
C392,bosscheese97
C393,bosua_mix_meden
C394,boycute2512
C395,bralona.store
C396,brhotdog
C397,brianna.1412
C398,bricefcantop
C399,brngcha
C400,bsphcuong
C401,btntram212
C402,bububibi29
C403,builoc0408
C404,buimai2791
C405,buiminhanhtb
C406,buingocbich31
C407,buiphanhuonggiang
C408,buiphucanh1901
C409,buiphuong_082
C410,buithanhtam999
C411,buithaolinh00
C412,buithicjuong
C413,buithihaichau
C414,buithihongluyen
C415,buithilye_xir
C416,buithithuha1312
C417,buithitrang0411
C418,buithuha030299
C419,buithuy0905
C420,buitrungnghia123
C421,buituananh1993hp
C422,buiviettungtung
C423,buixuantien752001
C424,bujrbang
C425,bulwcyjll5
C426,bumiua
C427,buncih_n
C428,bungmo0101
C429,butbi170808
C430,butterfly_shadow
C431,bznmq2yg_p
C432,c10d6o201d
C433,c2fy5o6p7l
C434,c38jfbulyh
C435,c48spkuu0k
C436,c7_wxp5zpb
C437,c8uq2e6hi3
C438,c_0p484nkt
C439,cacaovinhan010787
C440,cacsonlam
C441,caju_home
C442,calts
C443,camcam2108
C444,camnhungpetd
C445,camphuong_1505
C446,camvan090691
C447,candypong4
C448,canhduonh
C449,canhhao91
C450,canhngocthuy
C451,caofoodshop
C452,caohoaihan1505
C453,caohuynhduc135
C454,caolinhchi1210
C455,caomatcha
C456,caothuy995
C457,catanh18378
C458,catbui516
C459,catims1
C460,cattrang278
C461,cattuong099
C462,cdhao245
C463,cdhvcdfb
C464,ce3uruydsq
C465,cfeqtibk8w
C466,cfkz7fklyl
C467,cfvfansam
C468,cgsozd_wvy
C469,ch_an.chihaoannhien
C470,chahnhanlevan
C471,chamcham921210
C472,changlaca
C473,chanh.p
C474,chanhleo24
C475,charles281290
C476,charlienchesleyr
C477,chauhuyentrantran
C478,chaushop1518
C479,chautlpv
C480,checu
C481,chenngo
C482,cherry.88
C483,chiameomeo
C484,chichbong88
C485,chickennho1990
C486,chicuong247
C487,chiduc2004
C488,chien0408chien
C489,chienchoac90
C490,chii247
C491,chikhanhj
C492,chimnon23
C493,chinem2
C494,chinhhoi_01
C495,chinhkieu544
C496,chinhnguyen01
C497,chinhnguyen8485
C498,chinitears
C499,chip9217
C500,chip_chanh
C501,chipchip284
C502,chipcun_shop
C503,chiphuong2018
C504,chipmy1509
C505,chippong1811
C506,chipti1987
C507,chipvo98
C508,chithangvo
C509,chivas.20
C510,chivukid.official
C511,cho_anh3456
C512,choochang
C513,chouchou66
C514,choulinh230
C515,christina.hue
C516,christina121114
C517,christopheralexander568
C518,chuc_le.
C519,chudu684
C520,chuong_hocgioi.541
C521,chuothi8849
C522,chuthithot
C523,ci_wui4ykf
C524,ciboo93
C525,cimchiphmth
C526,cleoegholstonr
C527,clinthtraftono
C528,clooluongthien
C529,cmchinhthch
C530,cmvausuw1f
C531,cnc_hungcuong
C532,cnghi818
C533,cnhlangth
C534,cnmelcutii_
C535,co5_faujbm
C536,cobala_2589
C537,cobaohoang
C538,cocnguyetsantpvinh
C539,codai1989
C540,coi.vit
C541,cokingshop
C542,colour85c
C543,con.bo.cuoi
C544,conan_ed2000
C545,concuada_era
C546,congai2304
C547,conghoai2712
C548,congnghexehoi.com_hn
C549,coolboy_8x
C550,couau0i73c
C551,covidvn119
C552,cpqppr6yra
C553,cqsstore
C554,criubatiepvu
C555,crql6pqajb
C556,crysosad
C557,ct102
C558,ctlinhlngc
C559,ctxaqcv_a1
C560,cua0995
C561,cuahangminhduong
C562,cuahangthucungsieure_tanphu
C563,cuchuynh1992
C564,cuong.longbien
C565,cuong5609
C566,cuong_33
C567,cuongdz456
C568,cuonghb69
C569,cuudihohongo
C570,cw_imvt4yh
C571,d0_5y4vv_l
C572,d3m2ayxx3y
C573,d3vils2
C574,d4lt3nnauf
C575,d8csodz70a
C576,d8kg4px2hr
C577,d9_3tyrrzh
C578,d9wizdobc0
C579,d_0bvy4qdv
C580,dai_ly_tingboxvn
C581,daiduongdinh362
C582,daithanchu
C583,dakiller1997
C584,dalatthunho_longan
C585,dalianko
C586,damquynh2901
C587,damthu2296
C588,damthulinh85
C589,dandy_store1
C590,dangdang133
C591,danghanb
C592,danghuynh85
C593,dangkhoa.tr09
C594,dangkhoa2542
C595,dangloan1960
C596,dangmai939393
C597,dangnguyennhatlong
C598,dangthiluonganhfplhcm
C599,dangthuqvgb
C600,dangtramy0208
C601,dangtranlong
C602,dangtruong16
C603,dangtthaonhi
C604,danh8669
C605,danhdu812
C606,danhkts54
C607,danle.vinh
C608,dannuocnam1994
C609,dannynguyen123
C610,dao_ut_1973
C611,daocuongabcxyz
C612,daoduyen04
C613,daohanh96tn
C614,daohngoc_
C615,daokhanhquynhhihi
C616,daolucky
C617,daomontran
C618,daongocdao110
C619,daothaihanh
C620,daothoan.kimchung.hn
C621,daothongnghe13
C622,daothuha1991
C623,daotienhiep007
C624,daovuthi2020
C625,darius_truong_97
C626,darling_lovely
C627,datbkhn
C628,datdo261
C629,dathien14
C630,datienich_htd
C631,datnm50555
C632,dattrinh2017
C633,datvanle368
C634,daubich2910264
C635,dauquangviet
C636,dautichxanh
C637,dauycuong234
C638,dchlm201
C639,ddiem.nguyen
C640,december97
C641,deepfresh.vietnam
C642,delhikitty
C643,demishneri1809
C644,denisxlodenp
C645,denmeomeo
C646,dgifos2i11
C647,dichlienkhai1098
C648,didihomekids1
C649,diemhang_1906
C650,diemhanhme
C651,diemlienrid_33621
C652,dien_lanh_ngoc_duong
C653,dienlanhanhthoa
C654,diennn
C655,diepkimlongm
C656,diepquan53
C657,diepvinh84
C658,diepvolojy
C659,dieunghiem81
C660,dinh.anh05
C661,dinh_huong_910
C662,dinh_phu2
C663,dinhdong88
C664,dinhhquee
C665,dinhngocngoan.xxy
C666,dinhtan279
C667,dinhthanhlam25
C668,dinhthiloan100197
C669,dinhthuy321
C670,dinhyen093
C671,diunguyen940
C672,diunguyn897
C673,diuxun580
C674,diy63
C675,djjdjfjfjff
C676,dkimngan98
C677,dl2bhfvfl9
C678,dldycftzmd
C679,dltrung
C680,dmmt0807
C681,dna311219
C682,dnfnliennhan
C683,dngcm
C684,dnghngv284
C685,dngoc1310
C686,dngph193
C687,dngththnh346
C688,do_choi_cho_be_toykids
C689,do_k7apyy8
C690,doan_hien
C691,doanathuiydfx952
C692,doanluyen31
C693,doanminhtrangct
C694,doanmyduyen_2901
C695,doanphung301
C696,doanthachthao
C697,doanthaihung386
C698,doanthanh6868
C699,doanthikimloan2510
C700,doanthuphuong1990
C701,dobo.nhannhan
C702,docmenswear99_
C703,doducloivvjw
C704,dohonglam0309
C705,dol6q5y3lv
C706,dolehoa502
C707,dollitran
C708,doly5894
C709,dominhquang_1991
C710,donatelladyninto
C711,dongnat8x
C712,dongoc1106n
C713,dophuonglanlinh
C714,doquyen141297
C715,doquynhhuongvy
C716,dothaj555
C717,dothicuc1311
C718,dothiduyenpc
C719,dothikimhang1234
C720,dothingoctram13
C721,dothituanh
C722,dotuyethan3900
C723,dr10aq2t1n
C724,dragonball96
C725,dthang92
C726,dthanhle2018
C727,dtngocanh2005
C728,dtqc00
C729,dttd2
C730,ducann
C731,ducduy2819265
C732,duchienvo
C733,duchuy_32
C734,duckien095
C735,ducluu293
C736,duclv18
C737,ducthanhbg87
C738,ducthongdinh
C739,ductung4785992
C740,duhue_2508
C741,duitochanngan
C742,dung.bui91
C743,dung0472
C744,dungan8589
C745,dungbaby2812
C746,dungbui040
C747,dungkanh
C748,dunglinhphan1991
C749,dunglyvan158
C750,dungmymy1988
C751,dungnp1166
C752,dungronaldo5590
C753,dungthaing
C754,dungtran082
C755,dungtung_92
C756,dungtuyen2020
C757,duocsy
C758,duong0619
C759,duong_251006
C760,duongbach78
C761,duongbichngoc25
C762,duongg_201
C763,duongkhachi
C764,duongquoclap839
C765,duongtam2181792
C766,duongtuan84tnxx
C767,duoongnhenntroi
C768,duphamvan
C769,duy7101995
C770,duyanh090
C771,duyen30090
C772,duyen_duyen97
C773,duyendo69
C774,duyenduong999
C775,duyhaidoan
C776,duyonhong667
C777,duyphcv715
C778,duyvietnm
C779,duyvo30042003
C780,duyvuongst
C781,dzungdzung070809
C782,e0n_n8mhcm
C783,e5hy52ocii
C784,e65l4eu6j6
C785,e9rhvyikrp
C786,eeb5n623fu6kjh5ksbvdvmuz7l1k
C787,ei6ccd_h_n
C788,ejnspbe6oc
C789,elaine8x
C790,eligiabach
C791,elisanguyen86
C792,ellyboutique
C793,elw4ioy32_
C794,ely_nguyen1898
C795,emily_nguyen_143
C796,eminhule
C797,emkimth844
C798,enternam
C799,enzykim
C800,ericdo19
C801,euvyfjzrm_
C802,evanna74
C803,f50qa_7qgf
C804,f5b3d1rgx0
C805,f95w7u3azr
C806,f_9bwsalp4
C807,fa46guz1bz
C808,fanknguyen
C809,fclph6npnw
C810,ffzsantching5368
C811,fg5v7yyzi2
C812,fhm8tyt9b_
C813,flagship_store_001
C814,fletcherssalsburyd
C815,fn7p88gotp
C816,fnsq1oeddy
C817,fq8vmh5st4
C818,fqc2zi88ow
C819,franciscojnearyl
C820,frwn722kfb
C821,ftu1234
C822,fuc_ubi_ch
C823,futrangthinguyen
C824,fwxgtutooc
C825,fxxkcapitalism
C826,fzttr_t9pq
C827,g6qhryg4ms
C828,g7_nwtiw7i
C829,g_ynv9f99f
C830,gabevu
C831,gaihomramqn
C832,gamerworld
C833,gaosentei13
C834,gaumeo9989
C835,gaustore
C836,gay_n_unstable
C837,gays36bhsr
C838,gb2zl3p34p
C839,gd_thmart
C840,gdinhdt
C841,gem1302
C842,geminila
C843,gemphamm1608
C844,gg0q0p1zuy
C845,ghclothes
C846,ghostface1993
C847,gi88z7vgey
C848,giabao442009
C849,giabodng446
C850,giac1304
C851,giadnh
C852,giahan977
C853,giahung4799482
C854,gialaaaa
C855,gialinhmall
C856,giamanluu1208
C857,giangdovi
C858,gianghavuan
C859,gianglam2611
C860,giangminshwud
C861,giangtr063
C862,gianguyen475
C863,giangvtrng989
C864,giantbikevl
C865,giaolinh.91
C866,giaphat1407
C867,giataixuong8687
C868,giavocuoiyuwi
C869,gic2mqvjyz
C870,gichhu
C871,gilecharles
C872,giz369
C873,gjdijv
C874,gkgkcaibe
C875,glagreece
C876,gm2g571x_m
C877,gogoxopop
C878,golddo1421
C879,gradep
C880,greatnation
C881,green.t.max
C882,gsh1zm4nhm
C883,guongdecorsh
C884,gvsjxkv
C885,gwmi11499
C886,gwter
C887,gymnnguyenette
C888,gzjo8jiv2m
C889,h.an05
C890,h.b.a.shop
C891,h.thu9x
C892,h1zz45sxb6
C893,h52oncaaez
C894,h8tpovdyxc
C895,h_ingann
C896,ha.thi.le
C897,habaojun
C898,habaybe94
C899,habggg
C900,hachivna
C901,hado2208
C902,haduong659
C903,hahang6591
C904,hahoang1964
C905,hahothi511
C906,hai_hoang111
C907,haianh89.pt
C908,haianhhoang1107
C909,haianhruby
C910,haicauauau
C911,haichau0307
C912,haidang13396
C913,haiduong7598236
C914,haiduong_huynhnhu
C915,haiduong_tientieuhoc
C916,haiduongtv
C917,haihuynh92
C918,hailan_198
C919,hailee_nail
C920,hailongsg
C921,hailua.saigon
C922,hailuasg
C923,haily04091990
C924,haimmcglynny
C925,hainam6590
C926,haingan142017
C927,haintt207
C928,haiquan542
C929,haiquangbetta1988
C930,haithaodang79
C931,haivu2k9
C932,haiyen2280
C933,haiyen_liala
C934,haiyennghd94
C935,haiyennguyen246
C936,hakin164
C937,haleyphuonghuynh
C938,halonaphuongyen
C939,hamai6050
C940,hamanhtienn
C941,hameo271
C942,hamongtruc
C943,hamster3011
C944,hamy0506
C945,hamy29810
C946,hanahakii
C947,hanbiejun
C948,hanchaupham
C949,hang_mun_93
C950,hanganhqs44
C951,hangdung1980
C952,hangmon1230123
C953,hangocpho
C954,hangpt1scb
C955,hangsinh
C956,hangthaiquynh
C957,hangthien85
C958,hanh_thitran
C959,hanhbi19
C960,hanhcao1991
C961,hanhhong1
C962,hanhkjina
C963,hanhkoi251
C964,hanhl600
C965,hanhpham76
C966,hanhphucvotan_korea
C967,hanhsan21
C968,hanhung412
C969,hanhuquynh08
C970,hanhxuro3
C971,hanlo3669
C972,hanna_le0601
C973,hanna_nuts
C974,hannah040812
C975,hanng1995
C976,hannhannahh
C977,hanptn146
C978,hao_hieu
C979,haoamz
C980,haonam1507
C981,haova
C982,haoxuyen
C983,haphuong.magnolia
C984,happycase0610
C985,haru_st
C986,hasuka713
C987,hatdinhduongnhapkhau
C988,hathuy
C989,hatk72
C990,hatngonnhanong
C991,hauntmw
C992,havan998874
C993,havennguyen
C994,havi88
C995,havy1606
C996,haxmit.123
C997,hay_nguyen
C998,haysinhyun
C999,hd_06092023
C1000,hdhfhdr
C1001,hduong3011
C1002,helen.nguyen91
C1003,hello8282
C1004,hellobaby.shop
C1005,hellokid20
C1006,henry.cuong.1810
C1007,heo.style
C1008,heocon872
C1009,heoluoi_933
C1010,heopm
C1011,hfc7d_shnl
C1012,hfff1080
C1013,hft4_i12qe
C1014,hgiang1993
C1015,hgijghhgg
C1016,hglieen
C1017,hhavandiep
C1018,hhcphc4xwr
C1019,hhij5yvrne
C1020,hhnapiekm8
C1021,hien.4259
C1022,hienbien084
C1023,hienhanan31
C1024,hienhomhinh5391
C1025,hienn20nb
C1026,hiennguyen050316.tranquocduy
C1027,hiennhihhnn
C1028,hienpham1987
C1029,hienquang2006
C1030,hientran30
C1031,hientran97
C1032,hienyeumeo
C1033,hiepnm2
C1034,hieu_shin
C1035,hieuasasi
C1036,hieudo978
C1037,hieuguitaristt
C1038,hieuhd9900
C1039,hieuhoatuyet
C1040,hieuhuynh03061995
C1041,hieunguyen5456
C1042,hieutran1412
C1043,hieutrungg04
C1044,hieuvan729
C1045,hieuvn057
C1046,hiiiiennn
C1047,hinh2002
C1048,hinhin3103
C1049,hinhong911
C1050,hiniken
C1051,hinlththanh244
C1052,hinthanh834
C1053,hintulises
C1054,hkp0401th
C1055,hlnguyenthuhien1976
C1056,hlyxfzj5ixro9krl2eo_mzsrjr3n
C1057,hngbch226
C1058,hngcm321
C1059,hnggiangtrnth857
C1060,hnghnhnguyn916
C1061,hnghoanguynth909
C1062,hngkiu829
C1063,hnglxun228
C1064,hngonth190
C1065,hngquyn812
C1066,hngteresa391
C1067,hngvngth774
C1068,hnthanhhuong88
C1069,hnyen_123
C1070,hoa_laco
C1071,hoaanhbang
C1072,hoadaomaihoa
C1073,hoaiana348cei
C1074,hoaint_031091
C1075,hoaithanh989
C1076,hoalanh
C1077,hoalinhanh608
C1078,hoan06111999
C1079,hoang121272
C1080,hoang_kim56789
C1081,hoang_ngoc.anh.474
C1082,hoanganhnguyen_2014
C1083,hoangbay8866
C1084,hoangdai88
C1085,hoangduckieutt
C1086,hoangglann
C1087,hoanggyenn225
C1088,hoanghanghhhh
C1089,hoanghongnhung118
C1090,hoanghue107
C1091,hoanghue14
C1092,hoanghuyenlinhvivian
C1093,hoanghuynhbn
C1094,hoangkimdoly
C1095,hoangkimvnn
C1096,hoanglam82267
C1097,hoanglien01011986
C1098,hoangminh1966
C1099,hoangnamdx
C1100,hoangnamhg1212
C1101,hoangnamt331
C1102,hoangnghialep
C1103,hoangnguyenhuyennuh
C1104,hoangnguyenminhnhung
C1105,hoangoanhbb
C1106,hoangoclan_210690.com.vn
C1107,hoangphanh95
C1108,hoangphuongvy2020
C1109,hoangquyenbx
C1110,hoangtangan
C1111,hoangthach5121999
C1112,hoangthaomy1997
C1113,hoangthien06062019
C1114,hoangthihue2707
C1115,hoangthiquynhanh20122001
C1116,hoangthithungan125
C1117,hoangtho
C1118,hoangthoaxinh
C1119,hoangthulien
C1120,hoangtrang_27
C1121,hoangtuanvu08
C1122,hoangultrapro97
C1123,hoanguyen3326
C1124,hoangvahaun
C1125,hoangviettrieu
C1126,hoanh67
C1127,hoanhgthineyn
C1128,hoanlinh06
C1129,hoanlouiswtqs
C1130,hoanngotdung2018
C1131,hoannguyen_1981
C1132,hoantu1982
C1133,hoatrencac
C1134,hoaxinh_namdinh1992
C1135,hoclieuchobe_bigdaddy
C1136,hodinhnguyen8996
C1137,hodngduyho
C1138,hoibng934
C1139,hojin1234
C1140,holebichtram040602
C1141,hollynguyen83
C1142,homebox_store
C1143,hong29071985
C1144,hong_anh58
C1145,hong_koj
C1146,hongdang657
C1147,honggam12.
C1148,hongkhoanguyen
C1149,hongksor81gialai
C1150,hongngoc280482
C1151,hongnguyenbp83
C1152,hongntvt
C1153,hongphan9999
C1154,hongquanvo.90_cr
C1155,hongthuy1988
C1156,hongtinc543
C1157,hongvo.93
C1158,honhon150
C1159,honhquan.bui
C1160,honnguyn329
C1161,hoptpl
C1162,hotbreakkid45
C1163,hothuyminh210876
C1164,howeji_official
C1165,hphmth382
C1166,hphuoc2618
C1167,hpl.21_04_2006.
C1168,hps6x0erk0
C1169,hsksksksbshddh
C1170,htran226
C1171,htxnguyenthien
C1172,hua.tri83
C1173,huancdh
C1174,huangying2908
C1175,hucaongc819
C1176,hucng043
C1177,hueassd
C1178,huehuan2016
C1179,huekim500
C1180,huennnga
C1181,huenphog
C1182,huephamthi357
C1183,huevit_98.
C1184,hulxun836
C1185,hung.tu
C1186,hung2sai
C1187,hungcuongk4
C1188,hungdhejsj
C1189,hunghmvn
C1190,hunghung69
C1191,hunghuynh792
C1192,hungmai000
C1193,hungnhen
C1194,hungpt3110
C1195,hungtienqt
C1196,hungutc53
C1197,hunhbochn005
C1198,hunhusanh
C1199,hunpham223355
C1200,huntrn484
C1201,huong.peony
C1202,huong.phan0209
C1203,huong05052010
C1204,huong2024218
C1205,huong2992hd
C1206,huong_giang_211
C1207,huonghoaaaaaaaammm
C1208,huonghuong0810
C1209,huonghuynh1306
C1210,huonglan02072003
C1211,huongle1265
C1212,huongnguyen43324
C1213,huongpham252
C1214,huongshopstore
C1215,huongtduong61
C1216,huongtran.arc
C1217,huongv.94
C1218,huphm148
C1219,huuho786
C1220,huulan87
C1221,huy.rin.lam1211
C1222,huy_kirito_78
C1223,huy_ngoc25
C1224,huy_salesman
C1225,huybao12
C1226,huyblue_0909
C1227,huychill692
C1228,huydiy0326
C1229,huyduong2068
C1230,huyen.kr
C1231,huyen12120000
C1232,huyenckipbong
C1233,huyenhuyen9393
C1234,huyenkentt1793
C1235,huyenlun88
C1236,huyenmen
C1237,huyenmjuxu
C1238,huyenmoon01
C1239,huyenmy1984
C1240,huyenmy916
C1241,huyenmykem
C1242,huyenngoc1894
C1243,huyentangtran
C1244,huyentran2212002
C1245,huyentrang9555
C1246,huyenvu.candy24
C1247,huyhoangcomputer_dl
C1248,huyhoanghl1986
C1249,huyhung2601
C1250,huylam1929
C1251,huyldb
C1252,huynhanh0499
C1253,huynhdaoduong85
C1254,huynhhuu
C1255,huynhhuuyen
C1256,huynhminh14021996
C1257,huynhngoctrong
C1258,huynhtan501
C1259,huynhthithuthuong
C1260,huynhthuy.94
C1261,huynhxuantinh
C1262,huynobita1992
C1263,huysangxl13
C1264,huyseven218
C1265,huytranblackmin
C1266,huywjbu
C1267,hvbeiu6b9d
C1268,hwa0i4heaffn7wd_dfn71_79v3km
C1269,hwiwvb
C1270,hxie435rnk
C1271,hylietran
C1272,hyluziz9uh
C1273,hyp0s0a6m1
C1274,hytnguyn
C1275,i.i.i
C1276,i7bbrvkc87
C1277,i8j195035z
C1278,i_3mniamjm
C1279,i_7qksfc_n
C1280,ia3oumdkpe
C1281,iamtrunks
C1282,ian2k_7oti
C1283,iaymv05sd9
C1284,ibingo
C1285,icex_e71bd
C1286,idecorx
C1287,ijcbui
C1288,ikphnhh0y9
C1289,il8qa6x45d
C1290,il_c_ato7z
C1291,ilmlth964
C1292,im6dvxzyn0
C1293,im_dau
C1294,imhaien
C1295,immortalstudio.official
C1296,ingwvywc7m
C1297,io0y8__5eq
C1298,ioctrantutu69725
C1299,ipf_kjxhgq
C1300,iphoho
C1301,iri2d78bpx
C1302,ithmthinhngo
C1303,ittpmplcj_
C1304,ivy26211
C1305,ixhbhetquenco
C1306,iypa62jxj_
C1307,j091929
C1308,j0i2zckxxt
C1309,j39x5eptoa
C1310,j3krzulan3
C1311,j4n3bhejby
C1312,j5ah7pmyvm
C1313,j5wfk_3bnh
C1314,jackeyngo0
C1315,jameltreneaus
C1316,jannyyynguyen
C1317,jctahongocbinh
C1318,jd8jm2gar9
C1319,jdtn9497
C1320,jdy53tm66j
C1321,jenamai
C1322,jenny.lyoko
C1323,jerryyen08
C1324,ji5xc7bs0q
C1325,jilliebrennan
C1326,jin01a
C1327,jinwoosung422
C1328,jjkxkd6h3h
C1329,jjswacbqtx
C1330,jn9401
C1331,jnmnngochang
C1332,jnvhonggam70869
C1333,jocundanh
C1334,jojo_sunshine
C1335,jonathanhuynh
C1336,jonny12322
C1337,jp.bearings
C1338,jsjsbhssjajnsnsha
C1339,jsjshgzuxuxh
C1340,jsxrqbx6ef
C1341,jt80eevhye
C1342,judytran96
C1343,juliechatterton
C1344,julietchilly
C1345,julyy2000
C1346,junnynguyen28
C1347,jzpbkenh7suol376
C1348,k.huyen231
C1349,k.trjnh
C1350,k1sbufnbfu
C1351,k750kpsxj6
C1352,k7jin
C1353,k7r3qothu9
C1354,k8t7h4fuh1
C1355,k9.dragon
C1356,k_ubn2i2mh
C1357,kaa_liin
C1358,kabigon112
C1359,kai.4892
C1360,kaido1111
C1361,kaka3t
C1362,kalis_the_bane
C1363,kangchuot
C1364,kangnguyenmin
C1365,kazuzu112
C1366,kdoannu
C1367,keamtran
C1368,kemshopstore
C1369,kemsocola1998
C1370,kenjunie
C1371,kenlivy
C1372,keobum
C1373,keocongszsz
C1374,khahan28
C1375,khaihoangaaa
C1376,khangc22102
C1377,khangcuong89
C1378,khangka24
C1379,khangmun29
C1380,khangtin725
C1381,khanh11021998
C1382,khanh_ngan24
C1383,khanhgiap8x
C1384,khanhhan1009
C1385,khanhhkp336
C1386,khanhlinh200798
C1387,khanhngan_0103
C1388,khanhnhuphuquy
C1389,khanhsitesii
C1390,khanhthu20172207
C1391,khanhtien_93
C1392,khanhvy206999
C1393,khanhvyduong
C1394,khani_1111
C1395,khaphuong3362778
C1396,khaylth576
C1397,khh2pafbt_
C1398,khoa272638373
C1399,khoa_9x
C1400,khoadohvbf450
C1401,khoahd15
C1402,khoahihihihihi
C1403,khoahl2020
C1404,khoailang0048
C1405,khogiadung2222
C1406,khoinguyen150466
C1407,khoinguyennnn
C1408,khonglinh9090
C1409,khucson1711
C1410,khuongtuankhang
C1411,khuongtv
C1412,khuyenxibo
C1413,kienconkienchua
C1414,kienfv
C1415,kiethongpb71
C1416,kieu060562
C1417,kieu_0366756602
C1418,kieuhung1686
C1419,kieuphuongsuboy
C1420,kieutien5390
C1421,kieutrinh0099
C1422,kikivek.1979
C1423,kimanhpham629
C1424,kimbi1234
C1425,kimcuongne1311
C1426,kimjhah95
C1427,kimjongyee
C1428,kimkim614
C1429,kimkiu767
C1430,kimloan8991
C1431,kimngnl520
C1432,kimngoc77
C1433,kimngoc811
C1434,kimnhitran959
C1435,kimoanh20031983
C1436,kimoanhnguynth660
C1437,kimphuong0907
C1438,kimqun828
C1439,kimsunly90
C1440,kimthunguyen321
C1441,kimtran119
C1442,kimtuyen211003
C1443,kimtuyenvo1010
C1444,kimxuyn439
C1445,kimynl669
C1446,kinhmat_taman
C1447,kissky
C1448,kiuminphuong
C1449,kiuthu598
C1450,kivcrebkcr
C1451,knamkhanh2007
C1452,kokobloom
C1453,kpmus2_zh0
C1454,kqgwpxqin1
C1455,ksyriexinhshop
C1456,kt_huyn2005
C1457,kubi899
C1458,kuroshirokuma
C1459,kutenguyenpro
C1460,kuti2016
C1461,kutiphuocthinh
C1462,kvchjp
C1463,kvh94497ib
C1464,kwwoezzn80
C1465,kxie543rjik
C1466,ky_con85
C1467,kympetshop
C1468,kymy10122003
C1469,l2f6qan_60
C1470,l34cduafpy
C1471,l3inanana
C1472,l6tgvygko4
C1473,l82vg8n2_t
C1474,ladoha
C1475,laewxuyenbom
C1476,laianhhoa1511
C1477,laicotientieu
C1478,laikaaaaaaaa
C1479,laithithomnb
C1480,lalieupham
C1481,lambenzo
C1482,lambui246
C1483,lamcucon
C1484,lamhavo68
C1485,lamhien761311
C1486,lamhime3112
C1487,lamhong690
C1488,lamluong1811
C1489,lamnamxn
C1490,lamng466
C1491,lamnguynan
C1492,lamnh0315
C1493,lamvokhanhtoan
C1494,lan.37
C1495,lan150683
C1496,lan_nizami
C1497,lananh04082004
C1498,lananh1510
C1499,lananh631993
C1500,langhoangal
C1501,langky2581997
C1502,langnghe123
C1503,lanhaky06
C1504,lanhuong22113
C1505,lanhuong281120
C1506,lanhuong450
C1507,lanngoclinhthi
C1508,lannguynthphng909
C1509,lanstore0712
C1510,lanthanhlanthanh_
C1511,lantng331
C1512,lantruongbao
C1513,lanxuanpham
C1514,larose781985
C1515,lathanhhung2008
C1516,lathitham123
C1517,launguyen2802
C1518,laurencevhirschmang
C1519,laxuanloc123
C1520,laylanguyen2912
C1521,ld292268
C1522,ld_7jg2ake
C1523,le_giang08
C1524,le_thi.phuong
C1525,leadeshopee
C1526,led_baohan2020
C1527,ledsiu
C1528,leduc1986
C1529,leduykhactng
C1530,leeanh669
C1531,leedongha505
C1532,legoffish
C1533,lehao83qn
C1534,lehien.1984
C1535,lehien179
C1536,lehoa120484
C1537,lehoang17792
C1538,lehoangha80
C1539,lehoangnam1oi6
C1540,lehuyen04012000
C1541,lehuygeorge
C1542,lelocpc114
C1543,lemai._.sky
C1544,leminhthu_2018
C1545,lemitna.83
C1546,lenhat276
C1547,leopukuponta
C1548,lequangit
C1549,lequangvu04
C1550,lequocdoan86
C1551,lethanhchung_1980.
C1552,lethanhnhan1997
C1553,lethanhtunf
C1554,lethao_hvtc95
C1555,lethehuan
C1556,lethinuong
C1557,lethithu040
C1558,lethithuthao2001
C1559,lethu922
C1560,lethuy2311lethuy
C1561,letrongdat12
C1562,letrungdung263
C1563,letrungtin0922370870
C1564,letruonggiangm
C1565,lettyletty544
C1566,letuanquynhduong
C1567,letuman
C1568,leuyen222
C1569,leuyennhi1818
C1570,levothuyai
C1571,leyla168
C1572,lg1218
C1573,lgknguyenkhietman
C1574,lhtrung93
C1575,liahgin
C1576,liemcao771
C1577,lienn.nguyenn
C1578,lieukute89
C1579,liinguyen
C1580,lily.camdinh
C1581,lilycao250744
C1582,lilyui
C1583,limbless
C1584,lin.diy
C1585,lina_mo_
C1586,lindatransoc
C1587,linggngao01
C1588,linh.ly.4869
C1589,linh20161216
C1590,linh8384
C1591,linh_211187
C1592,linh_nhi037
C1593,linhching120
C1594,linhdan_530
C1595,linhdoan12121
C1596,linhhgia994
C1597,linhhngg
C1598,linhhu549
C1599,linhhuenguyen987
C1600,linhkienorg
C1601,linhkim.dautay89
C1602,linhlai90
C1603,linhlan036
C1604,linhlan7
C1605,linhmam05
C1606,linhmun043
C1607,linhngoc2002932901
C1608,linhnhi0508
C1609,linhnhi2329
C1610,linhnhi23432
C1611,linhpham1109
C1612,linhpham29052004
C1613,linhpham345
C1614,linhphan110
C1615,linhphan1984
C1616,linhphan24
C1617,linhphan96
C1618,linhsand
C1619,linhtada
C1620,linhthuy2018
C1621,linhtinhhh
C1622,linhtoooooooooo
C1623,linhtrang9.6
C1624,linhtrnth837
C1625,linhvic89
C1626,linkmin1991
C1627,linnguyen102
C1628,linphng540
C1629,lionel_d
C1630,lionelhongnam
C1631,lisangananh
C1632,lisannan
C1633,lisxinh
C1634,lmaolmao92842
C1635,lmjbxakr_p
C1636,lmpkx
C1637,lnuthw71_w
C1638,loan9293
C1639,loan_loan24
C1640,loananh123627
C1641,loanloan208
C1642,locthanhthao1989
C1643,lolar26122005
C1644,long030205
C1645,long7vn
C1646,longkhng165
C1647,longphuong27032007
C1648,longqueanhtrang
C1649,longvungo097
C1650,louisbach
C1651,lovebluepyne
C1652,lovelygoby
C1653,loveyouloveme8
C1654,lpfu8cof6_
C1655,lphng058
C1656,lpnffus9du
C1657,lptoan1995
C1658,ls2ij0lq1f
C1659,lth92
C1660,ltrh.uyen
C1661,lubambo86
C1662,luhamina99
C1663,lukusuky
C1664,luong_luong_dbp
C1665,luongbien251
C1666,luongchanlambr6
C1667,luongphuong148
C1668,luongquoctrieu929
C1669,luongtoan2192
C1670,luongtu270
C1671,lusa1997
C1672,luu2612vn
C1673,luukhanhly
C1674,luungocphu123
C1675,luvyouuuuu0512
C1676,luvzius
C1677,luxubu11
C1678,luyenhoang969
C1679,lvt76
C1680,lxcvcvfcffv
C1681,ly19m5va0o
C1682,lybebong0107
C1683,lybeobeo98
C1684,lychucphuong1404
C1685,lyli123_5
C1686,lyly_nguyenn
C1687,lyminhtam2910
C1688,lyngocquynh12
C1689,lythong00
C1690,lytran8909
C1691,lyxuanthuy560346
C1692,lz94kehp1p
C1693,m0gsl30_i8
C1694,m25_h15a14
C1695,m5l6hk30x6
C1696,m65hcd
C1697,m7jvx5rte6
C1698,m_h.a.n
C1699,m_lygvj_9g
C1700,maabuu
C1701,macarongcap1
C1702,macdanh1712
C1703,macdinhlan
C1704,macmyanh
C1705,mactrang8988673
C1706,madumaidung
C1707,mai.ta
C1708,mai_thao_moc_
C1709,maianhnhhhhh
C1710,maicongchua12345
C1711,maidaonguyenthi12
C1712,maidat8668
C1713,maiduy3n
C1714,maiduyen2712
C1715,maiduyifuzl
C1716,maihhhhhhhh257
C1717,maihoa_banhangtutam0311
C1718,maihong9an
C1719,mailiennnn89
C1720,maingansky
C1721,mainhietdoi
C1722,maiphuong0801
C1723,maituyenhoang89
C1724,malal12345
C1725,malinawest380
C1726,malonsua
C1727,mamtom2017
C1728,manchesterutd
C1729,mandeechan
C1730,manh.quynh.audio
C1731,manh0989398375
C1732,manh12345678999
C1733,manh1967
C1734,manh73
C1735,manh9x
C1736,manhcuongthuha
C1737,manhhhjj
C1738,manhnguyencd
C1739,manhtim456
C1740,manhtung87
C1741,marcus_voi
C1742,marcusduong
C1743,mariahmclennann
C1744,markvuongtk
C1745,mary_lien
C1746,matong.uminh
C1747,matthanrahan
C1748,mattstorm
C1749,mayclothes.93
C1750,maylocnuoc_thietbigiadung
C1751,mayngocchung
C1752,maynguyen88
C1753,mcaocao
C1754,mchngctm617
C1755,mddthongdang652
C1756,mdvm06112018
C1757,me_xoai.2307
C1758,mebap3112
C1759,medonthan03
C1760,mehathang
C1761,meimeisticker
C1762,meisjn
C1763,menk1107
C1764,meo1622
C1765,meohamhihi
C1766,meomeo9302
C1767,meomeoclubr_mu
C1768,meotrenmayq12
C1769,meoworld
C1770,mercurytran064
C1771,mewin29
C1772,mg56zau1rm
C1773,mh_mochuong86
C1774,mhangday_
C1775,mi00357
C1776,mi1pgwgvx4
C1777,mietop1504
C1778,mila_nghiem
C1779,million.ho9189
C1780,min.min12345
C1781,min_kiu18
C1782,minan52
C1783,minbeauty95
C1784,mincu
C1785,minh2008_26
C1786,minh_thanh07
C1787,minha31619
C1788,minhanharies
C1789,minhchau8091183
C1790,minhdien1745249
C1791,minhduong1102
C1792,minhhang087
C1793,minhhanh_1769
C1794,minhhao_96
C1795,minhhuy291091
C1796,minhkhang1592021
C1797,minhkhoanguyn774
C1798,minhkhueptit
C1799,minhluonghp
C1800,minhngcaonguyn
C1801,minhngoc40p
C1802,minhngquang244
C1803,minhnguyet9963214
C1804,minhnguyetqn11
C1805,minhnhat28922
C1806,minhnhut336699
C1807,minhnt2017
C1808,minhphuc.mon273
C1809,minhphuong28052004
C1810,minhppmu
C1811,minhpridmore
C1812,minhsong265
C1813,minhthtrnv713
C1814,minhtricuber
C1815,minhtrnguyen82
C1816,minhtu151217
C1817,minhtuan.95
C1818,minhtuyen2404
C1819,miniyn154
C1820,minmin_lala
C1821,minmosa
C1822,mintv72
C1823,minyenyenyen
C1824,mirochan2405
C1825,misa6789
C1826,misa89
C1827,misshishop
C1828,mittmit011
C1829,miumiu.22
C1830,mkserubyng
C1831,mkzktonga
C1832,mmtl78886g
C1833,mngthu236
C1834,mo1234nguyen
C1835,mocthia
C1836,moemoeme0
C1837,mohom1208
C1838,mommycherry
C1839,momochan2611
C1840,mongngocdinh
C1841,moningooytsb
C1842,monostripe
C1843,monshop26_02
C1844,monsuti
C1845,moodupdown
C1846,moon0808_
C1847,moonpham124
C1848,moonruan
C1849,mopspjsslsksh
C1850,motloan1971
C1851,motmotgamgam
C1852,mountainvietnamtv.shop
C1853,mpgmail11
C1854,mr.binwr
C1855,mr.canhnx
C1856,mr.tun909
C1857,mr7channel
C1858,mr8xi2tsvb
C1859,mrboong39
C1860,mrkolkent
C1861,mrlok89
C1862,mrlusubu
C1863,mrsbong
C1864,mrstien
C1865,mrtieuhoang
C1866,mstuntun
C1867,msvietanh
C1868,mtan0405
C1869,mthu92
C1870,mtibichlien
C1871,muangot
C1872,muatuyet1980
C1873,munmun020494
C1874,muoisautrangtron
C1875,mushrooms123
C1876,mvogthaiga
C1877,myduyen2731998
C1878,myfullhouse2001
C1879,myhanhduong328
C1880,myhuynnn
C1881,mylanh0507
C1882,myle_0206
C1883,mylinh_123.vn
C1884,mymy24101995
C1885,mynam1912
C1886,myngoc1209_.
C1887,mynguyn170
C1888,myrian123
C1889,mytam15102000
C1890,mythoney
C1891,mytien_061021
C1892,mytrinh854
C1893,myyennguyendang
C1894,mzwwfd8ejk
C1895,n.t.linh12_
C1896,n2_rulkegh
C1897,n3mle
C1898,n8ix693ecm
C1899,nabidung99
C1900,nabiikim
C1901,nahcletung356
C1902,naman3007
C1903,nambeebe
C1904,namin90
C1905,namkhanh7121721
C1906,namni_08
C1907,namphong154
C1908,nartylove
C1909,nastu.ngoc
C1910,nathanqmarronep
C1911,nau_store2
C1912,ncc1974
C1913,nemo91126
C1914,neo151116
C1915,nephrite_jade_k5
C1916,netminhtril
C1917,nevergiveup1690
C1918,ng_nhi_2006
C1919,nga031096
C1920,ngaaaaaaaa12389
C1921,ngadogia
C1922,ngahotun
C1923,ngalt30031994
C1924,ngamilan277
C1925,ngan.hoan_02
C1926,ngan.u.99
C1927,ngan_09.03
C1928,ngan_151
C1929,ngan_ngoc.035
C1930,nganben95
C1931,nganchau_bxm
C1932,nganha1000
C1933,ngaphamlanci
C1934,ngchi008
C1935,ngchoint512
C1936,ngchuyntrn742
C1937,ngcip975
C1938,ngclamnguyn165
C1939,ngcloan492
C1940,ngcvth380
C1941,nghan.n207
C1942,nghia_ca_chep_nv_8888
C1943,nghiatranminhvh
C1944,nghiemphuong810
C1945,nghiemthienlucshoppi
C1946,nghieptran99bn
C1947,nghongkhanh482
C1948,ngkhacdam
C1949,ngngocanh93
C1950,ngo_jimmy
C1951,ngo_tuyet_lan
C1952,ngoandinh1990
C1953,ngoc.296
C1954,ngoc.hong..
C1955,ngoc.shalla
C1956,ngoc_anh140620
C1957,ngoc_duy_05.09
C1958,ngoc_khanhcomestic
C1959,ngocan2413
C1960,ngocan25
C1961,ngocanh018234.
C1962,ngocanh1995
C1963,ngocanhdang61
C1964,ngocanhoh
C1965,ngocbich_2205
C1966,ngocbichduong123
C1967,ngoccanguyen293
C1968,ngocdiem175
C1969,ngocdiem57714
C1970,ngocdojuly
C1971,ngocductran23
C1972,ngocdung333999
C1973,ngocduonghh8889
C1974,ngocgold
C1975,ngochanhsm
C1976,ngochiennguyenthi996
C1977,ngochieund
C1978,ngocjanh_4572
C1979,ngocjanhs0602
C1980,ngockhanhhoananh
C1981,ngocletrangg2
C1982,ngoclinhvu815
C1983,ngocmy_tran
C1984,ngocngaonek
C1985,ngocqui1711
C1986,ngocsuong.tran_85
C1987,ngocthail
C1988,ngocthao_251185
C1989,ngocthoanguyenx9228
C1990,ngocthu008
C1991,ngocthuy10071997
C1992,ngoctrinh230183
C1993,ngocyen011091
C1994,ngoczip
C1995,ngokilong8x
C1996,ngokimthuan
C1997,ngongochung090978
C1998,ngonguyen1234
C1999,ngothuhuyen12897
C2000,ngovantam678
C2001,ngoviet596
C2002,ngsang211103
C2003,ngthhuyntrang8440
C2004,ngthuythanhtruc
C2005,ngtuienn2210
C2006,nguenttie70
C2007,ngulv.qh
C2008,nguyen12353
C2009,nguyen198x
C2010,nguyen_hanh.93
C2011,nguyen_mung.13
C2012,nguyen_quynh_dieu
C2013,nguyen_thi_nhan94
C2014,nguyenbaluonghd
C2015,nguyenchinhngs
C2016,nguyenchuthien
C2017,nguyenchuyen978
C2018,nguyencongluc1312000
C2019,nguyencongthan78
C2020,nguyendat2907
C2021,nguyendienngockg
C2022,nguyendoyenkhe
C2023,nguyendubg5691
C2024,nguyenduchon
C2025,nguyenduongdan
C2026,nguyenduongquan
C2027,nguyenduyanhdk
C2028,nguyenduyen_93
C2029,nguyenhaanhthi000
C2030,nguyenhailyqb
C2031,nguyenhaiyenlinhh
C2032,nguyenhangvp0988
C2033,nguyenhanh.dhhp.90
C2034,nguyenhanh703
C2035,nguyenhau0205
C2036,nguyenhoalienanh
C2037,nguyenhoan.12
C2038,nguyenhoangkh1
C2039,nguyenhoangnam1993pysl
C2040,nguyenhoangton
C2041,nguyenhuyentranghuyw
C2042,nguyenkhanhhuy190812345
C2043,nguyenlongthinh11
C2044,nguyenmaihuong123456
C2045,nguyenmanhhha
C2046,nguyenminhtrungdt84
C2047,nguyenmy1191
C2048,nguyenmyngan6m3
C2049,nguyenngochantu
C2050,nguyenngochue8809
C2051,nguyenngocminhanh150204
C2052,nguyenngocthuyduyen2018
C2053,nguyenngocvy9559
C2054,nguyennhai2309
C2055,nguyennhungoc26
C2056,nguyennhuttao
C2057,nguyenphuong1234cutephomaique
C2058,nguyenphuong671993
C2059,nguyenphuongly96
C2060,nguyenphuongthao15
C2061,nguyenphuphong58
C2062,nguyenpi6445
C2063,nguyenquocduy96
C2064,nguyenquockhanh01102002
C2065,nguyenquyenjuan
C2066,nguyensheep
C2067,nguyensontunghung
C2068,nguyentan20232024
C2069,nguyentham2013
C2070,nguyenthang21197
C2071,nguyenthanhnhu0607
C2072,nguyenthanhthien001
C2073,nguyenthidaotq
C2074,nguyenthidung368
C2075,nguyenthihanh2512
C2076,nguyenthihien270899
C2077,nguyenthikimphuong1994
C2078,nguyenthikimthomunh
C2079,nguyenthimyky_66
C2080,nguyenthinuhanoi
C2081,nguyenthioanh93
C2082,nguyenthirchaman
C2083,nguyenthitha
C2084,nguyenthithanhhoa124
C2085,nguyenthithanhthao89
C2086,nguyenthithuhuongk932
C2087,nguyenthithuyhang_92
C2088,nguyenthitinhem
C2089,nguyenthivananh_
C2090,nguyenthu121286
C2091,nguyenthu_hien8
C2092,nguyenthuan218
C2093,nguyenthuhien6685
C2094,nguyenthuhong1809
C2095,nguyenthuyha1980
C2096,nguyenthuylinh.91192
C2097,nguyentien1962
C2098,nguyentienkiem1997
C2099,nguyentrang130202
C2100,nguyentuantung1981
C2101,nguyentuthanh72
C2102,nguyenvan_2467
C2103,nguyenvanchung12278
C2104,nguyenvangiang1987
C2105,nguyenvanhung2103
C2106,nguyenvanmai12a3
C2107,nguyenvanteo1000
C2108,nguyenvanthien123
C2109,nguyenvietha89
C2110,nguyenviethung22k20
C2111,nguyenvudai2108
C2112,nguyenxuan5690
C2113,nguyetma95
C2114,nguyetminh031198
C2115,nguyetpham2910
C2116,nguynan07
C2117,nguynbao863
C2118,nguyndchii
C2119,nguyndiui015
C2120,nguynltrmy970
C2121,nguynngthin
C2122,nguynnmnhhhngg
C2123,nguynphc705
C2124,nguynson137
C2125,nguynthhoithu488
C2126,nguynthnq861
C2127,nguyntrnmichael
C2128,nguytttrnn816
C2129,nguyvangiam
C2130,ngxuncng378
C2131,nh5py5vwhb
C2132,nhadinhhhh
C2133,nhaljnh
C2134,nhamthuy6201033
C2135,nhan16311
C2136,nhan66122
C2137,nhanbede62
C2138,nhanit.dt
C2139,nhannguyenn1112
C2140,nhasach_mynhung
C2141,nhat091222
C2142,nhat_minh1990
C2143,nhathanh212
C2144,nhathong75
C2145,nhatkhanhrju_35577
C2146,nhatleit
C2147,nhatlinh.ly
C2148,nhatlinhh2k
C2149,nhatminh19031998
C2150,nhatnguyen2011
C2151,nhatnguyetcac
C2152,nhatontang
C2153,nhatquang9201805
C2154,nhattan1111
C2155,nhatthao.leius
C2156,nhauyendn12345
C2157,nhgia238
C2158,nhi178
C2159,nhi3112
C2160,nhi_120307
C2161,nhiahii
C2162,nhicuashop
C2163,nhienphuongho
C2164,nhihoang1369
C2165,nhilee143
C2166,nhim280613
C2167,nhimn137
C2168,nhinguyen7272
C2169,nhinhhi
C2170,nhinhi12309
C2171,nhinhii.93
C2172,nhinhinha123
C2173,nhinhixau
C2174,nhir2000
C2175,nhisun95
C2176,nhitty2k1
C2177,nhivopcpbf618
C2178,nhlean47
C2179,nhnphm481
C2180,nhohashop
C2181,nhoido90
C2182,nhokphatcute
C2183,nhoxlun111
C2184,nhpl.bae
C2185,nhq87_
C2186,nhu_quynhhh_395
C2187,nhubinhmaster
C2188,nhucongtai
C2189,nhuhoan99
C2190,nhung0969600999
C2191,nhung121090
C2192,nhung_tho207
C2193,nhungcong1001
C2194,nhunghobzpd
C2195,nhungmiu_151191
C2196,nhungnguyenkg1986
C2197,nhungpham98
C2198,nhungphng593
C2199,nhunguyen1801
C2200,nhunhien89
C2201,nhunnhun19112005
C2202,nhuquynh2907
C2203,nhuquynhle760
C2204,nhutho1959
C2205,nhutpro6488
C2206,nhuttu5939
C2207,nhuwnhu2k07
C2208,nhuy_2000.
C2209,nhuy_alana
C2210,niebt99
C2211,nikhai098
C2212,ninenice682
C2213,ninhthang581
C2214,nkdlinh
C2215,nlbcold23
C2216,nlhq84
C2217,nminthuu19
C2218,nml.05
C2219,nmthang1994
C2220,nnggoccjjtraamm
C2221,nnkhuyen
C2222,nnn22345
C2223,nntha95
C2224,nohelver
C2225,not.hieu
C2226,noul7kqnuv
C2227,novalight.led
C2228,np3v0ataxb
C2229,nqkhoi2k2
C2230,ns60t1q1w_
C2231,nsnd.tran_canh
C2232,ntbphuong.pt
C2233,ntgvianh
C2234,ntlinhcuttiso1tg
C2235,ntnghiactu
C2236,ntp.ntt1303
C2237,ntr.kt
C2238,nttduongduong
C2239,ntthucquyen
C2240,ntyn_11
C2241,nuongnuong99
C2242,nvhung93
C2243,nvtrnhng
C2244,nxhuy8362
C2245,nyseoul
C2246,o32bo3ux75
C2247,o4r0p27b1c
C2248,o4sg9x8icc
C2249,oanhhuynh280
C2250,oanhkim2706
C2251,oanhmet0309
C2252,oanhminh449
C2253,oanhxtn
C2254,oastt
C2255,ofgnj_186h
C2256,ogklrxltcl
C2257,ohp_s
C2258,olgalitvynova
C2259,olish79
C2260,olkkthaohuyen384
C2261,ongaocon
C2262,ongbeo000
C2263,ongnoigao
C2264,ongthuc3581903
C2265,ooptvpz_uk
C2266,oqb1q7uwih
C2267,oqfthuynhduc565
C2268,or1n2iobct
C2269,ordrhoitranvan567
C2270,osgx8h880i
C2271,oswaldoigoulettet
C2272,ouoanhstuyens
C2273,ovltcwxnd_9frxxkcgqwu7p_ew8l
C2274,p.m.ngoc
C2275,p0cdnnm_s_
C2276,p1xsllr2lb
C2277,p6p0waiyyt
C2278,p_hx7pu_ac
C2279,parahouse
C2280,partsphonehp
C2281,passeverything
C2282,pbr6dbrziy
C2283,pcpigahieu951
C2284,pd2ibgw0ui
C2285,pdoanhdoanh
C2286,pe5hk9kr4m
C2287,pearltmn
C2288,pesua123
C2289,peterdnguyen
C2290,petrusdao
C2291,peumap01
C2292,pf6zdl5654
C2293,ph19u1jpx9
C2294,pha30062005
C2295,phainguyen354
C2296,phalebinhminh
C2297,pham.trang_1988
C2298,pham_duy_man
C2299,pham_lan063
C2300,pham_phuongx0x
C2301,phamanh0309
C2302,phamhien081998
C2303,phamhuythang239
C2304,phamkhoakt87
C2305,phamlan_0303
C2306,phamluong927
C2307,phamminhquan0312
C2308,phamngan_90
C2309,phamnguyen1_
C2310,phamnguyen987
C2311,phamnhu2202
C2312,phamnhuthang
C2313,phamphuocninh09
C2314,phamphuongoanh
C2315,phamquochuy0728
C2316,phamquynhanh25.08
C2317,phamsen280787
C2318,phamthibichphuong116
C2319,phamthihaioanh
C2320,phamthivananh1802
C2321,phamtram102
C2322,phamvanhung2412
C2323,phamxuantruong91
C2324,phandao0705
C2325,phangiahung2014
C2326,phanha80
C2327,phanhuy.tolb3
C2328,phanmy_2912
C2329,phanphutaibsbsb
C2330,phanquephuong070809
C2331,phanquyen1356
C2332,phanthanhhuong_q12
C2333,phanthao_24
C2334,phanthienchau88
C2335,phanthyh500
C2336,phantrang1976
C2337,phantutrung
C2338,phanvananh882
C2339,phanvohoangchau
C2340,phat08
C2341,phatpham159
C2342,phchng137
C2343,phdk7_vaed
C2344,phi.thi.ly
C2345,phingapro
C2346,phithanh.tuan_1706
C2347,phitruong1192
C2348,phmathithuhuyen
C2349,phmhng503
C2350,phmsn524
C2351,phnglminh678
C2352,phngtrangnguyn069
C2353,phnhung1012
C2354,phnkim886
C2355,phntyeens
C2356,phongduy0336
C2357,phonggia746
C2358,phonglanqn1986
C2359,phonglee200915
C2360,phongthan1989
C2361,phongtocda
C2362,phongtr782
C2363,phongviet008
C2364,phongviet_1004
C2365,phongvy1803
C2366,phquocbao2719
C2367,phtngang
C2368,phu6886
C2369,phubui_3014
C2370,phuchai252
C2371,phucpdp83
C2372,phucphan140
C2373,phucreviewer
C2374,phuctran0012
C2375,phudoduc
C2376,phukienking_86.official
C2377,phunghoangtran
C2378,phunghoho
C2379,phungkimngan2102
C2380,phungthanhlich547
C2381,phungthuy87
C2382,phungthuy99
C2383,phunguyen1410
C2384,phuochien1481980
C2385,phuong.huynh156
C2386,phuong081219
C2387,phuong20091997
C2388,phuong20293
C2389,phuong2108
C2390,phuong_anh4472292838
C2391,phuong_japan
C2392,phuong_uyen91
C2393,phuonganhdx
C2394,phuonganhhuy
C2395,phuonganhxinhxinhquadi
C2396,phuongcac1989
C2397,phuongchitran
C2398,phuongchu404
C2399,phuongdaodao
C2400,phuongdat01012016
C2401,phuongdinh1234567
C2402,phuongdinh789
C2403,phuonghang1810
C2404,phuonghd92
C2405,phuonghien.10
C2406,phuongkim366
C2407,phuongmyduyen111
C2408,phuongnam06072005
C2409,phuongnguyen171220
C2410,phuongnguyenjd95
C2411,phuongpia
C2412,phuongthanh131185
C2413,phuongthao1505
C2414,phuongthaoonee
C2415,phuongthoanpham
C2416,phuongtrangnguyenthi006
C2417,phuongzii1207
C2418,phus.nguyenngoc
C2419,phuthanhdat1985
C2420,phutungdream
C2421,piaqngovo607
C2422,piohtuongle614
C2423,pion09467
C2424,pjpjkim
C2425,pl20ek9qpwa4zxdwmvrsdo5abh37
C2426,plasticcatto
C2427,pluto.1994
C2428,plviet9
C2429,pmrgjpcuoe
C2430,pnhieu93
C2431,pnt2301
C2432,po_ly_cuong
C2433,pokemon_12
C2434,popo.petshop
C2435,pp2n0ypozd
C2436,pqa_2003
C2437,pr68x8wa43
C2438,pradakingable
C2439,prissynguyen
C2440,psndbdbdb
C2441,pthang1204
C2442,pttdung_22
C2443,ptthang2011
C2444,pu.carinoo
C2445,pu_ntqmg5z
C2446,pucapury
C2447,purity81
C2448,putin.1990
C2449,pvdung1999
C2450,pyannie
C2451,pynjupo
C2452,pz1t_1sgk3
C2453,pz_05fc
C2454,q.u.y.n.h.n.h.u
C2455,q0itpb8e5t
C2456,q2pv04r56m
C2457,q6pni40f4e
C2458,q9ze9nqc8_
C2459,qcaelongkha636
C2460,qg943bx5z4
C2461,qgyrtuthu988
C2462,qiipbuivanhanh647
C2463,qklvqhqb2
C2464,ql4chqmwtz
C2465,qljytranliem620
C2466,qpvdypmaih
C2467,qtthang9900
C2468,qtu9e9yrcb
C2469,quachtamphuonguyen
C2470,quang_nguyen_10
C2471,quanghao2307
C2472,quanglinhnguyn097
C2473,quangpham1123
C2474,quangpham2912
C2475,quangphanle
C2476,quangphcphm945
C2477,quangsang1990
C2478,quangthanh071198
C2479,quantran121
C2480,qucthng568
C2481,queloan0602
C2482,queomini
C2483,qui.vo.129
C2484,quimeme
C2485,quinnkeon
C2486,quinthuy
C2487,quisp
C2488,qunhnguyn851
C2489,qunhnhng768
C2490,quoccuong1201
C2491,quocdung9999
C2492,quockhaipro999
C2493,quockhanhle654
C2494,quoclinh1986
C2495,quoctehotel
C2496,quoctru1983
C2497,quocvu333444
C2498,qutibav
C2499,quy_luong
C2500,quyen.kun
C2501,quyenbeo1997
C2502,quyennguyen2013
C2503,quyennguyen_15061988
C2504,quyenntlbl
C2505,quyetquyet19
C2506,quyettrunglao
C2507,quynbi362
C2508,quynh.112
C2509,quynh0937690979
C2510,quynh881982
C2511,quynh_anh_26
C2512,quynh_bup_be2.
C2513,quynh_mei
C2514,quynhcham321
C2515,quynhchery15
C2516,quynhgiao1990
C2517,quynhhoa19999
C2518,quynhhuongdo68
C2519,quynhnhu123567
C2520,quynhtrangg00
C2521,quynhvu282
C2522,quynnguyn676
C2523,qyyjdu3h17
C2524,qzcgxnunbf
C2525,r36ykfjue7
C2526,r4rlbauegf
C2527,rambo_huynh
C2528,randis0512
C2529,rbi__o93zg
C2530,rcv5tx_pah
C2531,rd6n8d97dx
C2532,rdaiwuadq7
C2533,reebao
C2534,rgbknhaxa682
C2535,rgvudatco
C2536,ri0978393368
C2537,riazuri
C2538,rieofbh7h3
C2539,rindoan123
C2540,riphoan6
C2541,rita_ts6
C2542,rncnybtc30
C2543,robinnguyerda_14355
C2544,rocachien
C2545,roccoedeelc
C2546,rockchic269
C2547,romnguyen92
C2548,roxanaagriche268
C2549,rozhe
C2550,rsw6n90g15
C2551,ruby_level
C2552,ruby_milk
C2553,rubylam28
C2554,ruoijav123
C2555,rv0hbqliff
C2556,rvnj941hgn
C2557,rwpcc07c_2
C2558,rxs_wdxayw
C2559,ryanw001
C2560,ryleenn
C2561,rypawf5jkv
C2562,s.neglect
C2563,s0f9lgqyo7
C2564,s2ts2
C2565,s7ww0i0w81
C2566,s8foebx2ya
C2567,s_5vat9hgt
C2568,sak6xr2mau
C2569,sakiya0312
C2570,salakbaotam
C2571,salku349ln
C2572,sam_anh_0304
C2573,sambi1998
C2574,sambunny
C2575,samhopie18
C2576,sami.xinhxinh95
C2577,samm.vee
C2578,san3so
C2579,sanbaydn
C2580,sangn2006
C2581,sangpeo
C2582,sanphamtaynguyen
C2583,sasse.nia
C2584,sau__anh
C2585,saudong95
C2586,saunghin
C2587,sebejjzcwx
C2588,secret12
C2589,seehtytydung727
C2590,sen.hoang92
C2591,senducky
C2592,sep_ha1209
C2593,shalala.pham
C2594,sherry_nguyen2206
C2595,shichino1
C2596,shop_yunshy_nguyen
C2597,shopbimsuaananh
C2598,shopdonghohieu
C2599,shopgiadung5620
C2600,shopmeo2011
C2601,shopmina_thucphamtieudung
C2602,shopping.1193
C2603,shopsp49
C2604,shopxuavanay
C2605,shouamaki
C2606,shynalice
C2607,sieunhanteoo
C2608,sieuson_nhimini
C2609,silverwjnd
C2610,singuyn987
C2611,sinhha232
C2612,sinhnguyen994
C2613,sizuvinhngo
C2614,sliverhawk
C2615,sm2shlax8n
C2616,smh2sxd6bu
C2617,smililyyy
C2618,smmxhocvu
C2619,smphong441
C2620,sngnguynvn570
C2621,snluuthanh912
C2622,snow.my
C2623,so3er3tnkh
C2624,soczoli
C2625,sokdangyeu
C2626,solen.handmade
C2627,son_da2001
C2628,sonberg
C2629,sondeptrai14111996
C2630,sondo992
C2631,songih
C2632,songlinh0915
C2633,songthu23497
C2634,songtu249
C2635,sonhoangthai90
C2636,sonlammanucians
C2637,sonnhau2408
C2638,sonpham937
C2639,sontran0936
C2640,sontt122389
C2641,sookenz
C2642,sozv3h5bzk
C2643,sptrannhatminh
C2644,spzcljxx5h
C2645,srhpebg529
C2646,st.huynam2k1
C2647,st2g8jzr26
C2648,stationcafe
C2649,stkgf71h5w
C2650,stoneaudra
C2651,style.vietnam
C2652,su.suu
C2653,suachuahaitien
C2654,suboi_3004
C2655,sudoku135
C2656,suishop2hand
C2657,sukidung_2810
C2658,sumi_1123
C2659,sunghoitiepban
C2660,sunnock
C2661,supermansmile
C2662,sushi082016
C2663,suti992016
C2664,sutmhttuan727
C2665,t.201
C2666,t.hy0606
C2667,t.myhong050505
C2668,t1d4p56kmg
C2669,t1o1_cg1t8
C2670,t7fsmscwvm
C2671,t91iqbmewa
C2672,t9606oq7w0
C2673,t9kvrklbur
C2674,taba2504
C2675,tabaloshop
C2676,tai.nguyen.nct
C2677,taipham77
C2678,taiptt
C2679,talaomuoimuoi
C2680,tamcuong1995
C2681,tamlinhcao
C2682,tamnho_1303
C2683,tamntz
C2684,tamtan365
C2685,tamtayson
C2686,tamthanhquyen
C2687,tamtranmina
C2688,tanduong653
C2689,tangievictory
C2690,tanglongnguyen
C2691,tangngoc_09
C2692,tangtruongsanh
C2693,tanhung2017
C2694,tankhanghy
C2695,tanlocnguyen2903
C2696,tansappeo
C2697,tanthodang
C2698,tanubui
C2699,taolahang03
C2700,tasviet3101
C2701,tathikimdung
C2702,tattoo98kr
C2703,taubame1508
C2704,taykheshop
C2705,tchtrnvn736
C2706,tchuc_2005.....
C2707,tdt_1980
C2708,teongo123
C2709,tepphan
C2710,teresadalat
C2711,tetgy1axby
C2712,teung23
C2713,tgiang28
C2714,th_linh.18
C2715,th_nga_1512
C2716,thachminhngocyen
C2717,thaibinhny
C2718,thaibiotech
C2719,thaidanh.gian
C2720,thaidoandinhhao16
C2721,thaivangia
C2722,tham.nguyethithanh3863
C2723,thamiu8888
C2724,thamtuthanhw8681
C2725,thangbuitoan716
C2726,thangcao3011
C2727,thangfrancis
C2728,thanglnlguyen
C2729,thangnq09054
C2730,thangprovn
C2731,thanh.07.1986
C2732,thanh.nguyen1006
C2733,thanh.phamm
C2734,thanh123qp123
C2735,thanh30129
C2736,thanh6886
C2737,thanh_thien92
C2738,thanh_tung_chelsea
C2739,thanhanstqn123
C2740,thanhbinca
C2741,thanhbinh2458
C2742,thanhbinhbui0609
C2743,thanhbn803
C2744,thanhbnhphm895
C2745,thanhdanh1983
C2746,thanhdanhvippro
C2747,thanhduongbh
C2748,thanhha30061970
C2749,thanhhai192745
C2750,thanhhaikd185
C2751,thanhhngng370
C2752,thanhhoaitran377
C2753,thanhhoatrn01
C2754,thanhhuongpro81
C2755,thanhhuyen.2607
C2756,thanhle9624
C2757,thanhlmnguynv484
C2758,thanhloancao
C2759,thanhlonghp1989
C2760,thanhluantdtg
C2761,thanhluong610
C2762,thanhlychinhhang
C2763,thanhminh9508
C2764,thanhnga2410
C2765,thanhnhann285
C2766,thanhnhantranngyen
C2767,thanhnr12
C2768,thanhphuongsports1201
C2769,thanhqn1994
C2770,thanhsoi87
C2771,thanhson9693
C2772,thanhtam22263
C2773,thanhtamt3
C2774,thanhtantu
C2775,thanhthao_148
C2776,thanhthuansky
C2777,thanhthuytran875
C2778,thanhtn171
C2779,thanhtong0972915199
C2780,thanhtran.1973
C2781,thanhtruc1027
C2782,thanhtruc2372001
C2783,thanhtruc_84
C2784,thanhtungcdt15b
C2785,thanhtungphan187
C2786,thanhvan2513187
C2787,thanhvv13
C2788,thanhxunngv631
C2789,thanmai123
C2790,thao1988.vn
C2791,thao4323
C2792,thaocute_001
C2793,thaocutecuto
C2794,thaocutedangiu
C2795,thaolinh1304
C2796,thaong441
C2797,thaongan_62
C2798,thaonguyen0705
C2799,thaonguyen_ttg
C2800,thaoophuongg23
C2801,thaopju
C2802,thaovy777
C2803,thdng947
C2804,thduc77
C2805,the_viet
C2806,thecaoqn
C2807,thefuong911
C2808,thegiap.nguyen
C2809,themanbanh12
C2810,theodorevconev
C2811,thevu87
C2812,thi_beo
C2813,thien_duong_an_vat1998
C2814,thienbui194
C2815,thienduong1111
C2816,thienhung2442
C2817,thienkhanh179
C2818,thienmy186
C2819,thiennga28112007
C2820,thiensum4940
C2821,thientrang963101
C2822,thienxhstore
C2823,thietbituoicayminhkhoi
C2824,thieu_vy_44
C2825,thifoundd
C2826,thinguyen1402
C2827,thinhchu88
C2828,thinhsinh1963
C2829,thinhthocamtu
C2830,thinlhi495
C2831,thintrnthanh953
C2832,thithanhngannguyen129
C2833,thithuyduong100
C2834,thivin687
C2835,thnglm508
C2836,thngn977
C2837,thngnguynth341
C2838,thngphngnh345
C2839,thoadt123
C2840,thoaibanguwin
C2841,thochandmade7122019
C2842,thoitrangxuatdep
C2843,thomtran340
C2844,thong.phan
C2845,thongvan2015
C2846,ththinganguyn
C2847,thtuhai
C2848,thu452g
C2849,thuanduongqb
C2850,thuanh8902
C2851,thuanhai641
C2852,thuanhhoang98
C2853,thuanhi12
C2854,thuannguyen88
C2855,thuantran12188
C2856,thuanvan1981
C2857,thubuon102
C2858,thucphamhanquoc_korea_mart
C2859,thucthanhlich
C2860,thucucnguyen7979
C2861,thudiep2308368
C2862,thudngnguyn941
C2863,thuduomg_2106
C2864,thuduyen_13
C2865,thuha25995
C2866,thuha768
C2867,thuhien19516
C2868,thuhien2089
C2869,thuhien22012000
C2870,thuhiennguyen209
C2871,thuhngphan210
C2872,thuhongthhoi477
C2873,thuhphm691
C2874,thuhuongtran183_991
C2875,thuhuyen2992
C2876,thukieu901
C2877,thunganbm
C2878,thunganguyn185
C2879,thunguyen14
C2880,thunguyen288
C2881,thuoc88
C2882,thuong21041990
C2883,thuong291200
C2884,thuonghaba
C2885,thuphg.1126
C2886,thuphuong2281
C2887,thuphuong3110
C2888,thusen379
C2889,thuthao27894
C2890,thuthao7606
C2891,thuthuy...76
C2892,thuthuy3110200x
C2893,thutrangphm511
C2894,thutrung837
C2895,thutt982
C2896,thuuyen1605
C2897,thuvanvu123
C2898,thuy123145
C2899,thuy1891.
C2900,thuy71191
C2901,thuy_kieu_26
C2902,thuy_nguyen.011
C2903,thuy_suchu
C2904,thuy_tien1597
C2905,thuyanhmai298
C2906,thuychinh7175
C2907,thuydtkt
C2908,thuyduong21978368
C2909,thuyhoangw712
C2910,thuylinh05bt
C2911,thuylinh24.4
C2912,thuyn18_1
C2913,thuynguyenhp2018
C2914,thuynhung366
C2915,thuypcy
C2916,thuypham519
C2917,thuyphuong412
C2918,thuytien20799
C2919,thuytien227
C2920,thuytientien95
C2921,thuytin86
C2922,thuytram1988vnn
C2923,thuytrangdangngoc714
C2924,thuytung4xh
C2925,thuyvan40
C2926,thuyvanxxx
C2927,thuyvu1608
C2928,thy666691
C2929,tidep20
C2930,tiemtocnhatam
C2931,tien_92
C2932,tien_oilatien
C2933,tienchiec
C2934,tienlap1208
C2935,tientien6358
C2936,tientienngo.
C2937,tiepkhac489
C2938,tieuthuhanquoc0101
C2939,tieutran1122
C2940,tieutri158963
C2941,tieuunhii71
C2942,tieuuyen748
C2943,timap1977
C2944,tina88.8
C2945,tinaphuoc
C2946,tincng815
C2947,tinhanhdaysong
C2948,tinhlinhs
C2949,tinhpricess
C2950,tininhoxiu
C2951,tinnguyen2014
C2952,tintin_74_09022023
C2953,tit_batman
C2954,tj2i1y6h2y
C2955,tkaophamdanh384
C2956,tkttbinhkenny
C2957,tlinggg
C2958,tlinhlai
C2959,tmarket66
C2960,tmcw0ka4un
C2961,tngthu809
C2962,tnnhvn974
C2963,toanquan1512
C2964,toanquanghieu1234567
C2965,toctoandinh
C2966,toduyensss
C2967,toicodonlc1
C2968,tomas7979
C2969,tomomi318
C2970,tomshopshop.1102
C2971,tongthanhh2966
C2972,tongthi354
C2973,tongthoithienthanh
C2974,tonhoanghoc
C2975,tonthin889
C2976,tonuongg
C2977,tonyho99
C2978,tonyhuatran
C2979,tootran10811
C2980,topping.duong
C2981,toquynh0997
C2982,tothithuy1993
C2983,touyen992
C2984,touyen_91
C2985,tovip4577
C2986,toybtaykhotoan742
C2987,tp7wil7j6n
C2988,tpthao123
C2989,tr9qua3cmy
C2990,tr__x1sibp
C2991,tracylee1999
C2992,trainamchinh
C2993,tram_nguyen_03
C2994,tramanhnguyen3111997
C2995,tramanhsama
C2996,tramanhtruong96
C2997,trambee88
C2998,tramle_1679
C2999,tramngoc_0307
C3000,tramntn17
C3001,tramtram179
C3002,tramvenux
C3003,tramy0668
C3004,tramymaione
C3005,tran_binhminh
C3006,tran_kim_thoa_98
C3007,trananhduc1978
C3008,tranannhien16
C3009,tranbahung_2020
C3010,tranbinhnguyyenta
C3011,trancongtuan925
C3012,trancuc11980
C3013,trandainghia108
C3014,trando521984
C3015,tranduccc123
C3016,tranducduong1994
C3017,tranducthuan1989
C3018,tranductinh112
C3019,trang1121991
C3020,trang_.1019
C3021,trangbinje98
C3022,trangd10
C3023,trangdai.0712
C3024,trangg18cosmetic
C3025,tranghong6471515
C3026,tranghuynh892
C3027,trangie_nguyen
C3028,trangjb97
C3029,trangjsnbf
C3030,trangkun6789
C3031,tranglochai
C3032,tranglth772
C3033,trangmin1302
C3034,trangmyt17
C3035,trangnguyen25031990
C3036,trangnguyenthuy09011994
C3037,trangnguyenvo0485
C3038,trangnha888
C3039,trangntl
C3040,trangquanglinh
C3041,trangsucphukientoc365
C3042,trangxinhdep97
C3043,tranhagiatranhoangnguyen
C3044,tranhieu_74
C3045,tranhoai05
C3046,tranhoaithi31
C3047,tranhoangthrbi_5075
C3048,tranhuongtttv
C3049,tranhuuhai1402
C3050,tranhuydiep
C3051,trankhanhduyh
C3052,trankimchung1986
C3053,tranleman76
C3054,tranloiphu
C3055,tranlong379
C3056,tranly65
C3057,tranmahthang
C3058,tranminhtram0610
C3059,trannamkhoaitay
C3060,tranngoc1717
C3061,tranngocanh20191001
C3062,trannguyen1284kg
C3063,tranphungngochan
C3064,tranphuongbao1907
C3065,tranquanglinhph
C3066,trantam537
C3067,trantamktkc
C3068,tranthanhduy.533
C3069,tranthibaochau_2994
C3070,tranthichinh1979
C3071,tranthihamy0201
C3072,tranthihoaiphuong2001
C3073,tranthihuong4545
C3074,tranthingochuyen_6310
C3075,tranthiquynhmai8
C3076,tranthithanhtram78
C3077,tranthithientrang8490
C3078,tranthuha7783
C3079,tranthuy.pooh
C3080,trantin999
C3081,trantophuongthao
C3082,trantronghai2019
C3083,trantuanpro1980
C3084,tranvanhuy25449
C3085,tranvanmanh907
C3086,tranvoigao
C3087,tranvuhoanglinh
C3088,tranxiemxiemh20
C3089,trieuchau263
C3090,trieuphat7895
C3091,trieuthithao2345
C3092,trieuvi682019
C3093,trileviet1
C3094,trinh202071
C3095,trinh8690
C3096,trinhbao1811
C3097,trinhheosua
C3098,trinhhhh_28806
C3099,trinhhuynhthanhtruc
C3100,trinhluyen0610
C3101,trinhluyn882
C3102,trinhmyshop113
C3103,trinhpham_0524
C3104,trinhphan22691
C3105,trinhthanhhuyen1974
C3106,trinhthanhnam
C3107,trinhtuyetngan2005
C3108,trinhuyen41001
C3109,trisdend808
C3110,trithucnguyen220172
C3111,tritrn416
C3112,trixiedinh
C3113,trmlqunh629
C3114,trnduynht092
C3115,trngditheo
C3116,trnguynthanh086
C3117,trnhha776
C3118,trnhongbo174
C3119,trnmbnh474
C3120,trnthbothoa3093
C3121,trongbngto
C3122,trongnguyenvan072
C3123,trongnhan050905
C3124,trongnhan621
C3125,trucbinh009
C3126,trucvy252003
C3127,trung_canon
C3128,trungcaphp_97
C3129,trungdung9994516
C3130,trunghieuabc159
C3131,trungkhuat422
C3132,trungkien291091
C3133,trungnguyen0
C3134,trungnh204
C3135,trungtrucdo
C3136,trunieday
C3137,truong.tu
C3138,truong6536
C3139,truongcongtu68
C3140,truongdang240890
C3141,truongle950
C3142,truonglong279_1997
C3143,truongnguyen0904204481
C3144,truongnhi8915
C3145,truongnhungnhues
C3146,truongnm2007
C3147,truongtam112
C3148,truongthao164
C3149,truongthuysl
C3150,truongtuyey00
C3151,truongvietdat
C3152,truongyannhien18
C3153,truvthanh
C3154,truyenttu11
C3155,tsftnghiatrong763
C3156,tt_nhan2005
C3157,ttgamers
C3158,tthng637
C3159,tti.dark1
C3160,ttko2808
C3161,ttn_11
C3162,ttnm17082003
C3163,ttranduytan
C3164,tttt2411
C3165,ttungzz
C3166,tu_832
C3167,tuacaypro
C3168,tuan120365
C3169,tuan215anh
C3170,tuan22ee
C3171,tuananh21112002
C3172,tuandq87
C3173,tuanh.23
C3174,tuanhdx
C3175,tuanhiepvan
C3176,tuanhoangqm2001
C3177,tuankieu203
C3178,tuanmanhhhhhh
C3179,tuannguyen1284
C3180,tuannguyen21102013
C3181,tuanteo1982
C3182,tuanthanh1607
C3183,tuantran209
C3184,tuantran754
C3185,tuantruongantuan
C3186,tuehan009
C3187,tuekha185
C3188,tueminh_1992
C3189,tugiaithoatluanhoi
C3190,tugiang220988
C3191,tuitenbon1
C3192,tumytran_2411
C3193,tung.shope.20
C3194,tunganh5678
C3195,tungbeo540
C3196,tungloc37
C3197,tungphuongococ
C3198,tungshuynhthien
C3199,tunlngtrng
C3200,tuoi262001
C3201,tuoispa
C3202,tuongvannb
C3203,tuongvi1230
C3204,tuongvi8181
C3205,tuongvyk1
C3206,tupham762
C3207,tuqchien
C3208,turtle1992
C3209,tutran9x
C3210,tutrieu89
C3211,tuvanbui123
C3212,tuvokhoa
C3213,tuxilo
C3214,tuyenabcd
C3215,tuyenthi807
C3216,tuyet0168
C3217,tuyetdoojn838
C3218,tuyethanh16051988
C3219,tuyetlan1149405
C3220,tuyetlinh181013
C3221,tuyetmung
C3222,tuyetnhu165
C3223,tuyetsan36
C3224,tuynlkim238
C3225,tuynmng663
C3226,tuynnguynkim739
C3227,tuytnh745
C3228,tuyttrinh976
C3229,tuzoephuong
C3230,tweqqvroeo
C3231,txphong17
C3232,ty6ixnka7i
C3233,ty_op.nobita
C3234,tyaga8jvwz
C3235,tyennhi111
C3236,tyfa7o6n8b
C3237,tynan179
C3238,tysusy
C3239,u08vztem0n
C3240,u6gxhajaci
C3241,u6ks1pdj1u
C3242,u_lu_i
C3243,udl6p_x_xn
C3244,udo29
C3245,udt624ohp3
C3246,ue1jss8c4w
C3247,uierh1twy1
C3248,uing97
C3249,ujhp_64vyy
C3250,ukopro2019
C3251,ulpaladin
C3252,ultra.vegeto
C3253,ume_dka
C3254,unknownsboy
C3255,uozfuhdumr
C3256,uq24vq1bga
C3257,uqij143k9_
C3258,uqwfernzr1
C3259,ur4dmkudj7
C3260,urxhu1z39b
C3261,usxkluongthuy807
C3262,ut1953
C3263,ut33fqc4ju
C3264,uttieuphan
C3265,uvnaimad
C3266,uychanh1998
C3267,uyen94tn
C3268,uyencute1999
C3269,uyendng977
C3270,uyenluong642
C3271,uyennhinguyenngoc1308
C3272,uyenvpn1184
C3273,uyj8o4afjs
C3274,uynnhi_29
C3275,uyzlchauphuan783
C3276,v0mz9xg4v5
C3277,v86583_hal
C3278,v8cwk5axcq
C3279,vaan064
C3280,vaananhtraan
C3281,van_tai_1999
C3282,vanbachnb
C3283,vanbichle10
C3284,vanboo
C3285,vanbui202
C3286,vancao520
C3287,vanessa2404
C3288,vanessamang
C3289,vangkon2k
C3290,vanh031020
C3291,vanhau1969
C3292,vankhanh251
C3293,vanminh582000
C3294,vannhanhlam
C3295,vannhattran338
C3296,vansaksom
C3297,vanthien686868
C3298,vanthoa178
C3299,vantienduong904
C3300,vantiennguyen399
C3301,vantinh9xutc
C3302,vanvan994
C3303,vanvannamikoig413
C3304,vanvanqn
C3305,vanvinh038
C3306,vanvynhu2000
C3307,vap1994
C3308,vazthanhnguyen83
C3309,vby2kkndbk
C3310,vcbxmtnlo5
C3311,venhadiem589
C3312,vep3ok14l6
C3313,vfyitanlocphat
C3314,vg56lxqszz
C3315,vi_vi123356
C3316,vi_vi23
C3317,vi_vi_3683
C3318,vian9569672
C3319,victory.3012
C3320,viet.nh
C3321,vietbanhvu
C3322,vietha2412
C3323,viethong141
C3324,vihon213
C3325,vihtng287
C3326,vincentvo
C3327,vinh79b2av7a
C3328,vinhbloc
C3329,vinhkhoe
C3330,vinhnguyenthanh201
C3331,vinhthanhuyen
C3332,vinhthitlon68
C3333,vinhthu_vinhthu
C3334,vinhtran2112
C3335,vinhtran80
C3336,vinmai849
C3337,viphong2k14
C3338,viriya_dhammo
C3339,virustuki
C3340,visocola
C3341,visontruc
C3342,vista8800
C3343,vistorehcm
C3344,vittonl661
C3345,vivian_nguyen
C3346,vivianaxinhdep
C3347,vmk2811
C3348,vn1737_56185
C3349,vn6090_30311
C3350,vn8243_35599
C3351,vnanh562
C3352,vnanhbi207
C3353,vnhsangtrng
C3354,vnnbacninh
C3355,vnnguynththanhvn084
C3356,vntngnguyn881
C3357,vntrbi667
C3358,vntrng603
C3359,vnvinhnguyn121
C3360,vo_long_trieu_1981
C3361,vo_truong_son123
C3362,voctran
C3363,vodacquyen
C3364,vodangvan428
C3365,volamtuyenky
C3366,volo75q8xp
C3367,voloishope
C3368,vominhhung1980
C3369,vominhtri_cm
C3370,vongphamls
C3371,vongthanh9254609
C3372,vongtiencuong
C3373,vonhubinhnnn
C3374,vophuongphuongtuyen1997
C3375,vothiphuongthao123
C3376,votrothinbke
C3377,vq98cgk7c2
C3378,vtpunhi
C3379,vu._.2111
C3380,vu.baolam1812
C3381,vu1980
C3382,vuanghiu
C3383,vuanhtuan2007
C3384,vuconghung06
C3385,vuduc96.
C3386,vuducanhhp
C3387,vuduyanngocan20
C3388,vugiang1996
C3389,vuhalinhcao
C3390,vuhamy0205
C3391,vuhoangnam3006
C3392,vuhuynh091
C3393,vukien230286
C3394,vum164pg60
C3395,vuoanh300199
C3396,vuonghien.123
C3397,vuonghoatlz
C3398,vuongtadoan
C3399,vuonkyuc
C3400,vuquangjk279
C3401,vuthanhdan1801
C3402,vuthanhnam08112019
C3403,vuthanhsu_
C3404,vuthanhtruu
C3405,vuthengat
C3406,vuthevinh1606
C3407,vuthicamly07
C3408,vuthiluong_04.
C3409,vutpdalat1
C3410,vuvietchuong
C3411,vuxuyen262
C3412,vxgvzf1x9n
C3413,vy.panh
C3414,vybinthy
C3415,vychyvo
C3416,vydng452
C3417,vyphc160
C3418,vyviolet22
C3419,vyvy10022000
C3420,w36zvlg02t
C3421,w45yihbi1i
C3422,w5issai59a
C3423,w8gmno7h45
C3424,wa94pcovqt
C3425,wataamechan
C3426,wb12pzm0e0
C3427,we4p9kbqwi
C3428,wecare.studio
C3429,welcone_to_my_chen_no
C3430,wg8t0mtpsj
C3431,whpsbinbong
C3432,wibusama
C3433,windyblack
C3434,windynguyen1010
C3435,wlhvfpf2y7
C3436,wm4l2mih27
C3437,wn7jwtgzzj
C3438,wolvervn
C3439,wonmynhat
C3440,wrrei2c6kv
C3441,wu4rtk_mdr
C3442,wyqinki340
C3443,x54epyv3k4
C3444,x9h5aqdypb
C3445,x9rica7hg9
C3446,x_e5x_v1gr
C3447,xae6ksfu1m
C3448,xanala
C3449,xc9164
C3450,xdcstdyt1_
C3451,xdwaquyetdung912
C3452,xfcytainhop908
C3453,xfjbduybo254
C3454,xftxqpkxbv
C3455,xiaoling.www
C3456,xiem.yb.96
C3457,xixi_2812
C3458,xjcbjigsjt
C3459,xk4oe_50c9
C3460,xleminhtriet
C3461,xmdg4ktfaf
C3462,xmgyx381sw
C3463,xmxqloanmisu890
C3464,xmz607lw07
C3465,xoanguyn096
C3466,xoixoai1921
C3467,xozae9lhdk
C3468,xsrekypham549
C3469,xuan341424
C3470,xuandaovt93
C3471,xuandinhhvn
C3472,xuandung1979
C3473,xuanlinh1805
C3474,xuanmaidao
C3475,xuantho1968
C3476,xuanthuynguyenthi948
C3477,xuantruong25042003
C3478,xuantruongak10
C3479,xuevg93ryc
C3480,xuxibaby_
C3481,xvejhoahoangca896
C3482,xvhluruv_l
C3483,xzlpz3z_o4
C3484,y.t2003
C3485,y8cscswp86
C3486,yadiqngbs_
C3487,yamamotoneko
C3488,yan_1507
C3489,ybbss
C3490,ydhggyigggdf
C3491,yeha153
C3492,yen0993
C3493,yenanhkute.4_11
C3494,yendy2506
C3495,yenem996
C3496,yenhoang_1987
C3497,yenn70303
C3498,yennguyen1602
C3499,yennhicutephomai
C3500,yenpham361
C3501,yenqwertyuiopasdfghjklzxcvibnm
C3502,yenxoiiii0306
C3503,yenxuanchauthi
C3504,yenyumi95
C3505,yesterday2908
C3506,yeumangashio
C3507,yiwblink
C3508,ykialandoan949
C3509,ylfjiw9w0t1ez3qr_edowjn3mllc
C3510,yndhhoanglaydy317
C3511,yone1vs9
C3512,yoonalice24112004
C3513,younole94
C3514,yqfldoandong947
C3515,yrjssuv4e1
C3516,ys0rf_fxjl
C3517,ys1dmx6jww
C3518,yubingocbich
C3519,yukihana2211
C3520,yukino0606
C3521,yurikosato
C3522,yuukohaitani
C3523,yvbno5g73e
C3524,ywq5qx8y1p
C3525,yx5kbeny7f
C3526,yyil9ui8qx
C3527,z2afs706oa
C3528,z2ti25winx
C3529,z8lmagverp
C3530,z8tqs3msdajgoj7l_em7iaodx8cw
C3531,zaivanatagasuk968
C3532,ze1402
C3533,zen_do
C3534,zgpnkq4y29
C3535,zp1c_jgkku
C3536,zueying
C3537,zumtinq995
C3538,zxathaminhhung979
C3539,zxrj2ml01m
